INSERT INTO CUSTOMERS1 
VALUES ('1', 'SARAH', '23 CARLTON AVENUE', '5142221111', NULL);
INSERT INTO CUSTOMERS1 
VALUES ('2', 'JAMES', '2 BARCLAY AVENUE', NULL, 'JAMESB@GMAIL.COM');
INSERT INTO CUSTOMERS1
VALUES ('3', 'MIKE', '5572 DEVIMY AVENUE', '5148249254', 'MIKEIKE@HOTMAIL.CA');
INSERT INTO CUSTOMERS1 
VALUES ('4', 'LEAH', '34 DE LA FONTAINE', NULL, NULL);


INSERT INTO USER1 
VALUES ('1', 'SARAHBEAR1', 'ILOVEBEARS', NULL, NULL);
INSERT INTO USER1 
VALUES ('2', 'JSONMAN', 'JJ123', '01', NULL);
INSERT INTO USER1 
VALUES ('3', 'MIKENIKE', 'CANDIES?', '01', NULL);
INSERT INTO USER1 
VALUES ('4', 'PRINCESSLEAH', 'BLESSED', '03', NULL);

-- NEED TO CHANGE VALUES SO THAT THEY MAKE SENSE

INSERT INTO ORDERS1 (ORDER_ID, CUSTOMER_ID, ORDER_ADDRESS,  AMOUNT_OF_PRODUCTS, ORDER_PLACED, ORDER_SHIPPED)
values (1, 4, '40 Hansons Avenue', 1, '16/05/2020', '31/10/2020');
INSERT INTO ORDERS1 (ORDER_ID, CUSTOMER_ID, ORDER_ADDRESS,  AMOUNT_OF_PRODUCTS, ORDER_PLACED, ORDER_SHIPPED)
values (2, 2, '81779 Iowa Place', 2, '11/03/2020', '16/07/2020');
INSERT INTO ORDERS1 (ORDER_ID, CUSTOMER_ID, ORDER_ADDRESS,  AMOUNT_OF_PRODUCTS, ORDER_PLACED, ORDER_SHIPPED)
values (3, 3, '2355 Beilfuss Way', 3, '15/05/2020', '24/03/2020');
INSERT INTO ORDERS1 (ORDER_ID, CUSTOMER_ID, ORDER_ADDRESS,  AMOUNT_OF_PRODUCTS, ORDER_PLACED, ORDER_SHIPPED)
values (4, 2,'1219 Warrior Crossing', 4, '29/02/2020', '13/11/2020');
INSERT INTO ORDERS1 (ORDER_ID, CUSTOMER_ID, ORDER_ADDRESS,  AMOUNT_OF_PRODUCTS, ORDER_PLACED, ORDER_SHIPPED)
values (5, 3, '16 Sugar Lane', 5, '27/07/2020', '15/03/2020');
INSERT INTO ORDERS1 (ORDER_ID, CUSTOMER_ID, ORDER_ADDRESS,  AMOUNT_OF_PRODUCTS, ORDER_PLACED, ORDER_SHIPPED)
values (6, 4, '6 Stang Terrace', 6, '29/08/2020', '19/06/2020');
INSERT INTO ORDERS1 (ORDER_ID, CUSTOMER_ID, ORDER_ADDRESS,  AMOUNT_OF_PRODUCTS, ORDER_PLACED, ORDER_SHIPPED)
values (7, 2, '20 Veith Hill', 7, '26/09/2020', '01/04/2020');
INSERT INTO ORDERS1 (ORDER_ID, CUSTOMER_ID, ORDER_ADDRESS,  AMOUNT_OF_PRODUCTS, ORDER_PLACED, ORDER_SHIPPED)
values (8, 4, '74378 Morningstar Crossing', 8, '09/04/2020', '23/10/2020');
INSERT INTO ORDERS1 (ORDER_ID, CUSTOMER_ID, ORDER_ADDRESS,  AMOUNT_OF_PRODUCTS, ORDER_PLACED, ORDER_SHIPPED)
values (9, 3, '255 Lindbergh Crossing', 9, '16/06/2020', '23/02/2020');
INSERT INTO ORDERS1 (ORDER_ID, CUSTOMER_ID, ORDER_ADDRESS,  AMOUNT_OF_PRODUCTS, ORDER_PLACED, ORDER_SHIPPED) 
values (10, 4,  '66521 Victoria Street', 10, '22/06/2020', '13/04/2020');

-- NEED TO CHANGE VALUES SO THAT THEY MAKE SENSE

insert into PRODUCTS1 (PRODUCT_ID, PRODUCT_NAME, PRODUCT_PRICE, RECIPE)
values (1, 'COFFEE', 6.77, 1);
insert into PRODUCTS1 (PRODUCT_ID, PRODUCT_NAME, PRODUCT_PRICE, RECIPE)
values (2, 'ICED_COFFEE', 6.58, 2);
insert into PRODUCTS1 (PRODUCT_ID, PRODUCT_NAME, PRODUCT_PRICE, RECIPE)
values (3, 'FRENCH_VANILLA', 4.60, 3);
insert into PRODUCTS1 (PRODUCT_ID, PRODUCT_NAME, PRODUCT_PRICE, RECIPE)
values (4, 'LATTE', 3.12, 4);
insert into PRODUCTS1 (PRODUCT_ID, PRODUCT_NAME, PRODUCT_PRICE, RECIPE)
values (5, 'NON_DAIRY_LATTE', 5.66, 5);
insert into PRODUCTS1 (PRODUCT_ID, PRODUCT_NAME, PRODUCT_PRICE, RECIPE)
values (6, 'CROISSANT', 9.37, 6);
insert into PRODUCTS1 (PRODUCT_ID, PRODUCT_NAME, PRODUCT_PRICE, RECIPE)
values (7, 'BLUE_BERRY_MUFFIN', 10.03, 7);
insert into PRODUCTS1 (PRODUCT_ID, PRODUCT_NAME, PRODUCT_PRICE, RECIPE)
values (8, 'FRUIT_SMOOTHIE', 14.24, 8);
insert into PRODUCTS1 (PRODUCT_ID, PRODUCT_NAME, PRODUCT_PRICE, RECIPE)
values (9, 'CHOCOLATE_CHIP_COOKIE', 7.61, 9);
INSERT INTO PRODUCTS1 (PRODUCT_ID, PRODUCT_NAME, PRODUCT_PRICE, RECIPE)
VALUES (10, 'HOT_CHOCOLATE', 0.73, 10);

-- NEED TO CHANGE VALUES SO THAT THEY MAKE SENSE


INSERT INTO PRODUCTS_PER_ORDER1 (ORDER_ID, PRODUCT_ID)
VALUES (1, 2);
INSERT INTO PRODUCTS_PER_ORDER1 (ORDER_ID, PRODUCT_ID)
VALUES (1, 1);
INSERT INTO PRODUCTS_PER_ORDER1 (ORDER_ID, PRODUCT_ID)
VALUES (1, 5);
INSERT INTO PRODUCTS_PER_ORDER1 (ORDER_ID, PRODUCT_ID)
VALUES (1, 3);
INSERT INTO PRODUCTS_PER_ORDER1 (ORDER_ID, PRODUCT_ID)
VALUES (2, 3);
INSERT INTO PRODUCTS_PER_ORDER1 (ORDER_ID, PRODUCT_ID)
VALUES (2, 6);
INSERT INTO PRODUCTS_PER_ORDER1 (ORDER_ID, PRODUCT_ID)
VALUES (2, 4);
INSERT INTO PRODUCTS_PER_ORDER1 (ORDER_ID, PRODUCT_ID)
VALUES (2, 2);
INSERT INTO PRODUCTS_PER_ORDER1 (ORDER_ID, PRODUCT_ID)
VALUES (5, 2);
INSERT INTO PRODUCTS_PER_ORDER1 (ORDER_ID, PRODUCT_ID)
VALUES (5, 1);
INSERT INTO PRODUCTS_PER_ORDER1 (ORDER_ID, PRODUCT_ID)
VALUES (5, 8);
INSERT INTO PRODUCTS_PER_ORDER1 (ORDER_ID, PRODUCT_ID)
VALUES (5, 3);
INSERT INTO PRODUCTS_PER_ORDER1 (ORDER_ID, PRODUCT_ID)
VALUES (5, 9);


insert into INGREDIENTS1 (INGREDIENT_ID, INGREDIENT_NAME, RESTOCK_PRICE, STOCK, UNIT_TYPE)
values (1, 'MILK', 16.80, 35, 'MILLILITRE');
insert into INGREDIENTS1 (INGREDIENT_ID, INGREDIENT_NAME, RESTOCK_PRICE, STOCK, UNIT_TYPE)
values (2, 'COFFEE BEANS', 15.16, 12, 'MILLIGRAM');
insert into INGREDIENTS1 (INGREDIENT_ID, INGREDIENT_NAME, RESTOCK_PRICE, STOCK, UNIT_TYPE)
values (3, 'SUGAR', 5.93, 23, 'MILLIGRAM');
insert into INGREDIENTS1 (INGREDIENT_ID, INGREDIENT_NAME, RESTOCK_PRICE, STOCK, UNIT_TYPE)
values (4, 'VANILLA EXTRACT', 3.63, 48, 'MILLILITRE');
insert into INGREDIENTS1 (INGREDIENT_ID, INGREDIENT_NAME, RESTOCK_PRICE, STOCK, UNIT_TYPE)
values (5, 'ALMOND MILK', 5.37, 3, 'MILLILITRE');
insert into INGREDIENTS1 (INGREDIENT_ID, INGREDIENT_NAME, RESTOCK_PRICE, STOCK, UNIT_TYPE)
values (6, 'ICE', 2.91, 14, 'MILLILITRE');
insert into INGREDIENTS1 (INGREDIENT_ID, INGREDIENT_NAME, RESTOCK_PRICE, STOCK, UNIT_TYPE)
values (7, 'FLOUR', 13.96, 33, 'LITRE');
insert into INGREDIENTS1 (INGREDIENT_ID, INGREDIENT_NAME, RESTOCK_PRICE, STOCK, UNIT_TYPE) 
values (8, 'BERRIES (ALL SORTS)', 13.60, 11, 'MILLIGRAM');
insert into INGREDIENTS1 (INGREDIENT_ID, INGREDIENT_NAME, RESTOCK_PRICE, STOCK, UNIT_TYPE)
values (9, 'YOGURT', 5.90, 24, 'MILLILITRE');
insert into INGREDIENTS1 (INGREDIENT_ID, INGREDIENT_NAME, RESTOCK_PRICE, STOCK, UNIT_TYPE)
values (10, 'CHOCOLATE CHIP', 1.55, 97, 'MILLIGRAM');



-- NEED TO CHANGE VALUES SO THAT THEY MAKE SENSE

insert into RECIPES1 (PRODUCT_ID, INGREDIENT_ID, QUANTITY)
values (1, 1, 3);
insert into RECIPES1 (PRODUCT_ID, INGREDIENT_ID, QUANTITY)
values (1, 2, 4);
insert into RECIPES1 (PRODUCT_ID, INGREDIENT_ID, QUANTITY)
values (1, 3, 1);
insert into RECIPES1 (PRODUCT_ID, INGREDIENT_ID, QUANTITY)
values (2, 4, 6);
insert into RECIPES1 (PRODUCT_ID, INGREDIENT_ID, QUANTITY)
values (2, 3, 9);
insert into RECIPES1 (PRODUCT_ID, INGREDIENT_ID, QUANTITY)
values (2, 2, 6);
insert into RECIPES1 (PRODUCT_ID, INGREDIENT_ID, QUANTITY)
values (2, 7, 1);
insert into RECIPES1 (PRODUCT_ID, INGREDIENT_ID, QUANTITY)
values (3, 1, 2);
insert into RECIPES1 (PRODUCT_ID, INGREDIENT_ID, QUANTITY)
values (3, 4, 5);
insert into RECIPES1 (PRODUCT_ID, INGREDIENT_ID, QUANTITY)
values (4, 3, 2);
insert into RECIPES1 (PRODUCT_ID, INGREDIENT_ID, QUANTITY)
values (4, 5, 6);
insert into RECIPES1 (PRODUCT_ID, INGREDIENT_ID, QUANTITY)
values (4, 1, 3);
insert into RECIPES1 (PRODUCT_ID, INGREDIENT_ID, QUANTITY)
values (5, 1, 6);
insert into RECIPES1 (PRODUCT_ID, INGREDIENT_ID, QUANTITY)
values (5, 6, 2);
insert into RECIPES1 (PRODUCT_ID, INGREDIENT_ID, QUANTITY)
values (5, 5, 3);
insert into RECIPES1 (PRODUCT_ID, INGREDIENT_ID, QUANTITY)
values (6, 9, 2);
insert into RECIPES1 (PRODUCT_ID, INGREDIENT_ID, QUANTITY)
values (6, 8, 8);
insert into RECIPES1 (PRODUCT_ID, INGREDIENT_ID, QUANTITY)
values (7, 1, 1);
insert into RECIPES1 (PRODUCT_ID, INGREDIENT_ID, QUANTITY)
values (7, 5, 7);
insert into RECIPES1 (PRODUCT_ID, INGREDIENT_ID, QUANTITY)
values (7, 2, 4);
insert into RECIPES1 (PRODUCT_ID, INGREDIENT_ID, QUANTITY)
values (7, 7, 3);
insert into RECIPES1 (PRODUCT_ID, INGREDIENT_ID, QUANTITY)
values (8, 8, 2);
insert into RECIPES1 (PRODUCT_ID, INGREDIENT_ID, QUANTITY)
values (8, 9, 1);
insert into RECIPES1 (PRODUCT_ID, INGREDIENT_ID, QUANTITY)
values (8, 10, 1);
insert into RECIPES1 (PRODUCT_ID, INGREDIENT_ID, QUANTITY)
values (8, 3, 2);
insert into RECIPES1 (PRODUCT_ID, INGREDIENT_ID, QUANTITY)
values (8, 2, 4);
insert into RECIPES1 (PRODUCT_ID, INGREDIENT_ID, QUANTITY)
values (8, 7, 4);
insert into RECIPES1 (PRODUCT_ID, INGREDIENT_ID, QUANTITY)
values (8, 8, 4);
insert into RECIPES1 (PRODUCT_ID, INGREDIENT_ID, QUANTITY)
values (9, 9, 2);
insert into RECIPES1 (PRODUCT_ID, INGREDIENT_ID, QUANTITY)
values (9, 10, 7);
insert into RECIPES1 (PRODUCT_ID, INGREDIENT_ID, QUANTITY)
values (9, 3, 1);
insert into RECIPES1 (PRODUCT_ID, INGREDIENT_ID, QUANTITY)
values (9, 2, 1);
insert into RECIPES1 (PRODUCT_ID, INGREDIENT_ID, QUANTITY)
values (10, 1, 3);
insert into RECIPES1 (PRODUCT_ID, INGREDIENT_ID, QUANTITY)
values (10, 8, 4);
insert into RECIPES1 (PRODUCT_ID, INGREDIENT_ID, QUANTITY)
values (10, 9, 2);
insert into RECIPES1 (PRODUCT_ID, INGREDIENT_ID, QUANTITY)
values (10, 4, 2);