CREATE TABLE CUSTOMERS1(
    CUSTOMER_ID CHAR(5),
    NAME VARCHAR2(20),
    ADDRESS VARCHAR2(30),
    PHONE_NUMBER CHAR(10),
    EMAIL VARCHAR2(30),
    CONSTRAINT CUSTOMERS1_CUSTOMER_ID PRIMARY KEY (CUSTOMER_ID)
);

CREATE TABLE USER1(
    CUSTOMER_ID CHAR(5), 
    USERNAME VARCHAR2(20),
    PASS_WORD VARCHAR2(30),
    REFERRAL_ID CHAR(5),
    CONSTRAINT USER1_CUSTOMER_ID FOREIGN KEY (CUSTOMER_ID)
        REFERENCES CUSTOMERS1 (CUSTOMER_ID)
);

CREATE TABLE CART1(
    CUSTOMER_ID CHAR(5), 
    ORDER_ID NUMBER(5,0),  
    CONSTRAINT CART1_CUSTOMER_ID FOREIGN KEY (CUSTOMER_ID)
        REFERENCES CUSTOMERS1 (CUSTOMER_ID)
);


CREATE TABLE ORDERS1(
    ORDER_ID NUMBER(5,0),
    ORDER_ADDRESS VARCHAR2(30),
    PRODUCTS_ORDERED VARCHAR2(50),
    AMOUNT_OF_PRODUCTS NUMBER(3,0),
    ORDER_PLACED DATE,
    ORDER_SHIPPED DATE,
    CONSTRAINT ORDERS1_ORDER_ID PRIMARY KEY (ORDER_ID)
);

CREATE TABLE PRODUCTS1(
    PRODUCT_ID CHAR(5),
    PRODUCT_NAME VARCHAR2(50),
    PRODUCT_PRICE NUMBER(5,2),
    RECIPE VARCHAR2(30),
    CONSTRAINT PRODUCTS1_PRODUCT_ID PRIMARY KEY (PRODUCT_ID)
);

CREATE TABLE INGREDIENTS1(
    INGREDIENT_ID CHAR(5),
    INGREDIENT_NAME VARCHAR2(50),
    RESTOCK_PRICE NUMBER(5,2),
    STOCK NUMBER(4,0),
    UNIT_TYPE VARCHAR2(10),
    CONSTRAINT INGREDIENTS1_INGREDIENT_ID PRIMARY KEY (INGREDIENT_ID)
);

CREATE TABLE RECIPES1(
    PRODUCT_ID CHAR(5),
    INGREDIENT_ID CHAR(5),
    UNIT_TYPE VARCHAR2(10),
    CONSTRAINT RECIPES1_PRODUCT_ID FOREIGN KEY (PRODUCT_ID)
        REFERENCES PRODUCTS1 (PRODUCT_ID),
    CONSTRAINT RECIPES1_INGREDIENT_ID FOREIGN KEY (INGREDIENT_ID)
        REFERENCES INGREDIENTS1 (INGREDIENT_ID)
);


INSERT INTO CUSTOMERS1 
VALUES ('01', 'SARAH', '23 CARLTON AVENUE', '5142221111', NULL);
INSERT INTO CUSTOMERS1 
VALUES ('02', 'JAMES', '2 BARCLAY AVENUE', NULL, 'JAMESB@GMAIL.COM');
INSERT INTO CUSTOMERS1
VALUES ('03', 'MIKE', '5572 DEVIMY AVENUE', '5148249254', 'MIKEIKE@HOTMAIL.CA');
INSERT INTO CUSTOMERS1 
VALUES ('04', 'LEAH', '34 DE LA FONTAINE', NULL, NULL);


INSERT INTO USER1 
VALUES ('01', 'SARAHBEAR1', 'ILOVEBEARS', NULL);
INSERT INTO USER1 
VALUES ('02', 'JSONMAN', 'JJ123', '01');
INSERT INTO USER1 
VALUES ('03', 'MIKENIKE', 'CANDIES?', '01');
INSERT INTO USER1 
VALUES ('04', 'PRINCESSLEAH', 'BLESSED', '03');

-- NEED TO CHANGE VALUES SO THAT THEY MAKE SENSE

insert into CART1 (CUSTOMER_ID, ORDER_ID) 
values ('01', '01');
insert into CART1 (CUSTOMER_ID, ORDER_ID)
values ('03', '02');
insert into CART1 (CUSTOMER_ID, ORDER_ID)
values ('01', '03');
insert into CART1 (CUSTOMER_ID, ORDER_ID)
values ('02', '04');
insert into CART1 (CUSTOMER_ID, ORDER_ID)
values ('04', '05');
insert into CART1 (CUSTOMER_ID, ORDER_ID)
values ('02', '06');
insert into CART1 (CUSTOMER_ID, ORDER_ID)
values ('02', '07');
insert into CART1 (CUSTOMER_ID, ORDER_ID)
values ('03', '08');
insert into CART1 (CUSTOMER_ID, ORDER_ID)
values ('04', '09');
insert into CART1 (CUSTOMER_ID, ORDER_ID) 
values ('01', '10');

-- NEED TO CHANGE VALUES SO THAT THEY MAKE SENSE

insert into ORDERS1 (ORDER_ID, ORDER_ADDRESS, PRODUCTS_ORDERED, AMOUNT_OF_PRODUCTS, ORDER_PLACED, ORDER_SHIPPED)
values (1, '40 Hansons Avenue', 'ICED COFFEE', 1, '16/05/2020', '31/10/2020');
insert into ORDERS1 (ORDER_ID, ORDER_ADDRESS, PRODUCTS_ORDERED, AMOUNT_OF_PRODUCTS, ORDER_PLACED, ORDER_SHIPPED)
values (2, '81779 Iowa Place', 'Amarula Cream', 2, '11/03/2020', '16/07/2020');
insert into ORDERS1 (ORDER_ID, ORDER_ADDRESS, PRODUCTS_ORDERED, AMOUNT_OF_PRODUCTS, ORDER_PLACED, ORDER_SHIPPED)
values (3, '2355 Beilfuss Way', 'Clams - Littleneck, Whole', 3, '15/05/2020', '24/03/2020');
insert into ORDERS1 (ORDER_ID, ORDER_ADDRESS, PRODUCTS_ORDERED, AMOUNT_OF_PRODUCTS, ORDER_PLACED, ORDER_SHIPPED)
values (4, '1219 Warrior Crossing', 'Chip - Potato Dill Pickle', 4, '29/02/2020', '13/11/2020');
insert into ORDERS1 (ORDER_ID, ORDER_ADDRESS, PRODUCTS_ORDERED, AMOUNT_OF_PRODUCTS, ORDER_PLACED, ORDER_SHIPPED)
values (5, '16 Sugar Lane', 'Syrup - Monin, Irish Cream', 5, '27/07/2020', '15/03/2020');
insert into ORDERS1 (ORDER_ID, ORDER_ADDRESS, PRODUCTS_ORDERED, AMOUNT_OF_PRODUCTS, ORDER_PLACED, ORDER_SHIPPED)
values (6, '6 Stang Terrace', 'Pasta - Canelloni', 6, '29/08/2020', '19/06/2020');
insert into ORDERS1 (ORDER_ID, ORDER_ADDRESS, PRODUCTS_ORDERED, AMOUNT_OF_PRODUCTS, ORDER_PLACED, ORDER_SHIPPED)
values (7, '20 Veith Hill', 'Puree - Blackcurrant', 7, '26/09/2020', '01/04/2020');
insert into ORDERS1 (ORDER_ID, ORDER_ADDRESS, PRODUCTS_ORDERED, AMOUNT_OF_PRODUCTS, ORDER_PLACED, ORDER_SHIPPED)
values (8, '74378 Morningstar Crossing', 'Milkettes - 2%', 8, '09/04/2020', '23/10/2020');
insert into ORDERS1 (ORDER_ID, ORDER_ADDRESS, PRODUCTS_ORDERED, AMOUNT_OF_PRODUCTS, ORDER_PLACED, ORDER_SHIPPED)
values (9, '255 Lindbergh Crossing', 'Sesame Seed Black', 9, '16/06/2020', '23/02/2020');
insert into ORDERS1 (ORDER_ID, ORDER_ADDRESS, PRODUCTS_ORDERED, AMOUNT_OF_PRODUCTS, ORDER_PLACED, ORDER_SHIPPED) 
values (10, '66521 Victoria Street', 'Sauce - Gravy, Au Jus, Mix', 10, '22/06/2020', '13/04/2020');

-- NEED TO CHANGE VALUES SO THAT THEY MAKE SENSE

insert into PRODUCTS1 (PRODUCT_ID, PRODUCT_NAME, PRODUCT_PRICE, RECIPE)
values (1, 'COFFEE', 6.77, 1);
insert into PRODUCTS1 (PRODUCT_ID, PRODUCT_NAME, PRODUCT_PRICE, RECIPE)
values (2, 'ICED COFFEE', 6.58, 2);
insert into PRODUCTS1 (PRODUCT_ID, PRODUCT_NAME, PRODUCT_PRICE, RECIPE)
values (3, 'FRENCH VANILLA', 4.60, 3);
insert into PRODUCTS1 (PRODUCT_ID, PRODUCT_NAME, PRODUCT_PRICE, RECIPE)
values (4, 'LATTE', 3.12, 4);
insert into PRODUCTS1 (PRODUCT_ID, PRODUCT_NAME, PRODUCT_PRICE, RECIPE)
values (5, 'NON DAIRY LATTE', 5.66, 5);
insert into PRODUCTS1 (PRODUCT_ID, PRODUCT_NAME, PRODUCT_PRICE, RECIPE)
values (6, 'CROISSANT', 9.37, 6);
insert into PRODUCTS1 (PRODUCT_ID, PRODUCT_NAME, PRODUCT_PRICE, RECIPE)
values (7, 'BLUE BERRY MUFFIN', 10.03, 7);
insert into PRODUCTS1 (PRODUCT_ID, PRODUCT_NAME, PRODUCT_PRICE, RECIPE)
values (8, 'FRUIT SMOOTHIE', 14.24, 8);
insert into PRODUCTS1 (PRODUCT_ID, PRODUCT_NAME, PRODUCT_PRICE, RECIPE)
values (9, 'CHOCOLATE CHIP COOKIE', 7.61, 9);
insert into PRODUCTS1 (PRODUCT_ID, PRODUCT_NAME, PRODUCT_PRICE, RECIPE)
values (10, 'HOT CHOCOLATE', 0.73, 10);

-- NEED TO CHANGE VALUES SO THAT THEY MAKE SENSE

insert into INGREDIENTS1 (INGREDIENT_ID, INGREDIENT_NAME, RESTOCK_PRICE, STOCK, UNIT_TYPE)
values (1, 'MILK', 16.80, 35, 'MILLILITRE');
insert into INGREDIENTS1 (INGREDIENT_ID, INGREDIENT_NAME, RESTOCK_PRICE, STOCK, UNIT_TYPE)
values (2, 'COFFEE BEANS', 15.16, 12, 'MILLIGRAM');
insert into INGREDIENTS1 (INGREDIENT_ID, INGREDIENT_NAME, RESTOCK_PRICE, STOCK, UNIT_TYPE)
values (3, 'SUGAR', 5.93, 23, 'MILLIGRAM');
insert into INGREDIENTS1 (INGREDIENT_ID, INGREDIENT_NAME, RESTOCK_PRICE, STOCK, UNIT_TYPE)
values (4, 'VANILLA EXTRACT', 3.63, 48, 'MILLILITRE');
insert into INGREDIENTS1 (INGREDIENT_ID, INGREDIENT_NAME, RESTOCK_PRICE, STOCK, UNIT_TYPE)
values (5, 'ALMOND MILK', 5.37, 3, 'MILLILITRE');
insert into INGREDIENTS1 (INGREDIENT_ID, INGREDIENT_NAME, RESTOCK_PRICE, STOCK, UNIT_TYPE)
values (6, 'ICE', 2.91, 14, 'MILLILITRE');
insert into INGREDIENTS1 (INGREDIENT_ID, INGREDIENT_NAME, RESTOCK_PRICE, STOCK, UNIT_TYPE)
values (7, 'FLOUR', 13.96, 33, 'LITRE');
insert into INGREDIENTS1 (INGREDIENT_ID, INGREDIENT_NAME, RESTOCK_PRICE, STOCK, UNIT_TYPE) 
values (8, 'BERRIES (ALL SORTS)', 13.60, 11, 'MILLIGRAM');
insert into INGREDIENTS1 (INGREDIENT_ID, INGREDIENT_NAME, RESTOCK_PRICE, STOCK, UNIT_TYPE)
values (9, 'YOGURT', 5.90, 24, 'MILLILITRE');
insert into INGREDIENTS1 (INGREDIENT_ID, INGREDIENT_NAME, RESTOCK_PRICE, STOCK, UNIT_TYPE)
values (10, 'CHOCOLATE CHIP', 1.55, 97, 'MILLIGRAM');



-- NEED TO CHANGE VALUES SO THAT THEY MAKE SENSE

insert into RECIPES1 (PRODUCT_ID, INGREDIENT_ID, UNIT_TYPE)
values (1, 1, 'LITRE');
insert into RECIPES1 (PRODUCT_ID, INGREDIENT_ID, UNIT_TYPE)
values (2, 2, 'MILLIGRAM');
insert into RECIPES1 (PRODUCT_ID, INGREDIENT_ID, UNIT_TYPE)
values (3, 3, 'MILLILITRE');
insert into RECIPES1 (PRODUCT_ID, INGREDIENT_ID, UNIT_TYPE)
values (4, 4, '');
insert into RECIPES1 (PRODUCT_ID, INGREDIENT_ID, UNIT_TYPE)
values (5, 5, '');
insert into RECIPES1 (PRODUCT_ID, INGREDIENT_ID, UNIT_TYPE)
values (6, 6, 'LITRE');
insert into RECIPES1 (PRODUCT_ID, INGREDIENT_ID, UNIT_TYPE)
values (7, 7, 'LITRE');
insert into RECIPES1 (PRODUCT_ID, INGREDIENT_ID, UNIT_TYPE)
values (8, 8, 'MILLILITRE');
insert into RECIPES1 (PRODUCT_ID, INGREDIENT_ID, UNIT_TYPE)
values (9, 9, 'LITRE');
insert into RECIPES1 (PRODUCT_ID, INGREDIENT_ID, UNIT_TYPE)
values (10, 10, 'MILLIGRAM');



DROP TABLE CUSTOMERS1;
DROP TABLE USER1;
DROP TABLE CART1;
DROP TABLE ORDERS1;
DROP TABLE PRODUCTS1;
DROP TABLE INGREDIENTS1;
DROP TABLE RECIPES1;